date,population,population_2d,population_3d,precip,humidity,temp,lw_avg_temp,lw_avg_humidity,lw_precip
2008_03,1361.75,1174.5,1064.0,0.0,75.14285714285714,28.428571428571427,27.6984126984127,74.13492063492063,0.0
2008_04,1290.25,1080.5,1006.3333333333334,0.0,77.71428571428571,26.571428571428573,27.33333333333333,77.09523809523809,0.0
2008_05,1100.0,850.5,870.0,0.0,83.14285714285714,27.0,27.33333333333333,78.66666666666667,0.0
2008_06,1012.5,883.5,1140.3333333333333,0.0,77.0,27.428571428571427,27.0,79.28571428571428,0.0
2008_07,982.0,1281.5,1269.6666666666667,0.0,64.83333333333333,29.75,28.05952380952381,74.99206349206348,0.0
2008_08,1066.0,1450.0,1264.6666666666667,0.0,71.0,30.0,29.05952380952381,70.94444444444444,0.0
2008_09,1166.75,1070.0,1237.3333333333333,0.0,77.0,27.0,28.916666666666668,70.94444444444444,0.0
2008_10,1175.75,1233.0,1247.0,0.0,77.57142857142857,28.857142857142858,28.61904761904762,75.19047619047619,0.0
2008_11,1341.5,1423.5,1309.3333333333333,0.0,71.57142857142857,28.428571428571427,28.09523809523809,75.38095238095238,0.0
2008_12,1246.75,1178.0,1075.6666666666667,0.0,75.57142857142857,27.857142857142858,28.38095238095238,74.90476190476191,0.0
2008_13,1205.5,976.0,897.3333333333334,0.0,78.85714285714286,27.0,27.76190476190476,75.33333333333333,0.0
2008_14,1199.75,805.5,886.6666666666666,0.0,77.14285714285714,25.571428571428573,26.80952380952381,77.19047619047619,0.0
2008_15,991.75,894.5,990.3333333333334,0.0,76.28571428571429,28.571428571428573,27.047619047619047,77.42857142857143,0.0
2008_16,935.25,1115.5,1072.0,0.0,77.28571428571429,27.571428571428573,27.23809523809524,76.90476190476191,0.0
2008_17,960.5,1083.5,1006.6666666666666,0.0,72.14285714285714,28.571428571428573,28.23809523809524,75.23809523809524,0.0
2008_18,989.0,919.0,841.0,0.0,75.28571428571429,26.571428571428573,27.571428571428573,74.90476190476191,0.0
2008_19,1017.25,769.0,639.0,0.0,67.42857142857143,24.571428571428573,26.571428571428573,71.61904761904763,0.0
2008_20,926.25,532.0,537.6666666666666,0.0,77.85714285714286,22.714285714285715,24.61904761904762,73.52380952380952,0.0
2008_21,725.5,464.0,475.3333333333333,0.0,74.85714285714286,23.857142857142858,23.71428571428571,73.3809523809524,0.0
2008_22,616.5,523.5,490.6666666666667,0.0,75.85714285714286,24.285714285714285,23.61904761904762,76.19047619047619,0.0
2008_23,527.75,461.5,563.6666666666666,0.0,77.85714285714286,24.0,24.047619047619047,76.1904761904762,0.0
2008_24,462.75,596.5,634.0,0.0,69.85714285714286,25.428571428571427,24.57142857142857,74.52380952380952,0.0
2008_25,560.0,738.5,616.6666666666666,0.0,71.28571428571429,23.571428571428573,24.33333333333333,73.00000000000001,0.0
2008_26,600.0,541.0,505.3333333333333,0.0,80.71428571428571,22.142857142857142,23.71428571428571,73.95238095238096,0.0
2008_27,568.75,403.5,387.6666666666667,0.0,78.57142857142857,22.857142857142858,22.857142857142858,76.85714285714285,0.0
2008_28,571.0,395.0,430.0,0.0,73.42857142857143,22.428571428571427,22.47619047619048,77.57142857142857,0.0
2008_29,468.0,428.0,468.0,0.0,68.28571428571429,22.0,22.42857142857143,73.42857142857143,0.0
2008_30,415.75,524.0,524.3333333333334,0.0,69.28571428571429,22.857142857142858,22.428571428571427,70.33333333333333,0.0
2008_31,459.5,536.5,509.0,0.0,68.14285714285714,23.571428571428573,22.80952380952381,68.57142857142857,0.0
2008_32,482.25,489.5,504.0,0.0,74.71428571428571,25.285714285714285,23.9047619047619,70.71428571428571,0.0
2008_33,506.75,493.5,475.0,0.0,72.85714285714286,23.857142857142858,24.23809523809524,71.9047619047619,0.0
2008_34,515.0,485.5,464.6666666666667,0.0,71.85714285714286,23.714285714285715,24.28571428571429,73.14285714285714,0.0
2008_35,487.5,430.5,518.3333333333334,0.0,70.0,23.428571428571427,23.666666666666668,71.57142857142857,0.0
2008_36,462.0,558.5,558.0,0.0,65.57142857142857,24.0,23.71428571428571,69.14285714285715,0.0
2008_37,522.0,625.5,555.6666666666666,0.0,68.14285714285714,26.571428571428573,24.666666666666668,67.90476190476191,0.0
2008_38,528.0,486.5,487.3333333333333,0.0,77.14285714285714,21.857142857142858,24.142857142857142,70.28571428571428,0.0
2008_39,522.5,452.5,522.0,0.0,73.71428571428571,23.0,23.80952380952381,73.0,0.0
2008_40,539.0,575.0,533.6666666666666,0.0,70.14285714285714,26.714285714285715,23.857142857142858,73.66666666666666,0.0
2008_41,530.75,556.0,522.3333333333334,0.0,78.42857142857143,23.857142857142858,24.52380952380952,74.09523809523809,0.0
2008_42,504.25,453.0,692.3333333333334,0.0,74.57142857142857,26.857142857142858,25.80952380952381,74.38095238095238,0.0
2008_43,514.0,813.0,866.0,0.0,76.0,25.571428571428573,25.42857142857143,76.33333333333333,0.0
2008_44,684.5,1071.5,955.6666666666666,0.0,70.71428571428571,26.428571428571427,26.28571428571429,73.76190476190476,0.0
2008_45,762.25,848.0,760.0,0.0,78.14285714285714,27.428571428571427,26.47619047619047,74.95238095238095,0.0
2008_46,830.5,654.0,536.0,0.0,82.42857142857143,26.142857142857142,26.666666666666668,77.09523809523809,0.0
2008_47,862.75,442.0,435.6666666666667,0.0,86.57142857142857,23.571428571428573,25.71428571428571,82.38095238095237,0.0
2008_48,645.0,361.5,515.0,0.0,91.0,23.571428571428573,24.42857142857143,86.66666666666667,0.0
2008_49,507.75,622.5,735.0,0.0,79.28571428571429,25.0,24.04761904761905,85.61904761904763,0.0
2008_50,532.25,891.0,829.0,0.0,77.57142857142857,26.285714285714285,24.952380952380956,82.61904761904763,0.0
2008_51,626.25,832.5,1136.6666666666667,0.0,84.14285714285714,26.857142857142858,26.047619047619047,80.33333333333333,0.0
2008_52,727.5,1225.0,1082.6666666666667,0.0,85.42857142857143,27.142857142857142,26.761904761904763,82.38095238095238,0.0
2009_01,1058.0,1271.5,1353.6666666666667,0.0,76.42857142857143,28.428571428571427,27.47619047619047,82.0,0.0
2009_02,1052.0,1158.0,1039.3333333333333,0.0,85.71428571428571,25.571428571428573,27.047619047619047,82.52380952380953,0.0
2009_03,1191.5,1160.0,1113.3333333333333,0.0,75.71428571428571,29.142857142857142,27.71428571428571,79.28571428571428,0.0
2009_04,1215.75,911.0,1065.6666666666667,0.0,79.0,27.857142857142858,27.52380952380952,80.14285714285712,0.0
2009_05,1034.5,1197.5,1086.0,0.0,77.42857142857143,28.428571428571427,28.47619047619048,77.38095238095238,0.0
2009_06,1178.75,1119.0,971.3333333333334,0.0,72.28571428571429,29.857142857142858,28.71428571428571,76.23809523809524,0.0
2009_07,1015.0,769.5,788.0,0.0,74.85714285714286,28.857142857142858,29.047619047619047,74.85714285714288,0.0
2009_08,983.5,750.5,854.3333333333334,0.0,80.14285714285714,27.857142857142858,28.857142857142858,75.76190476190476,0.0
2009_09,934.75,943.5,900.3333333333334,0.0,75.0,29.0,28.57142857142857,76.66666666666667,0.0
2009_10,856.5,938.0,783.0,0.0,71.85714285714286,29.714285714285715,28.857142857142858,75.66666666666667,0.0
2009_11,844.25,643.5,574.3333333333334,0.0,74.0,29.142857142857142,29.28571428571429,73.61904761904763,0.0
2009_12,793.5,454.5,489.3333333333333,0.0,82.57142857142857,27.428571428571427,28.76190476190476,76.14285714285715,0.0
2009_13,696.25,497.5,587.3333333333334,0.0,84.57142857142857,27.714285714285715,28.0952380952381,80.38095238095237,0.0
2009_14,570.5,663.0,724.0,0.0,83.57142857142857,27.142857142857142,27.428571428571427,83.57142857142857,0.0
2009_15,558.75,806.5,730.3333333333334,0.0,78.85714285714286,27.285714285714285,27.38095238095238,82.33333333333333,0.0
2009_16,652.0,712.0,734.0,0.0,76.28571428571429,26.0,26.80952380952381,79.57142857142857,0.0
2009_17,687.5,678.0,751.3333333333334,0.0,79.14285714285714,24.857142857142858,26.047619047619047,78.09523809523809,0.0
2009_18,742.25,838.0,856.0,0.0,75.57142857142857,23.714285714285715,24.857142857142858,77.0,0.0
2009_19,775.0,895.0,820.6666666666666,0.0,75.28571428571429,24.571428571428573,24.38095238095238,76.66666666666667,0.0
2009_20,786.5,782.0,752.0,0.0,75.14285714285714,25.571428571428573,24.61904761904762,75.33333333333333,0.0
2009_21,810.0,682.0,604.0,0.0,75.57142857142857,23.285714285714285,24.47619047619048,75.33333333333333,0.0
2009_22,788.5,570.0,507.0,0.0,72.85714285714286,24.571428571428573,24.47619047619048,74.52380952380953,0.0
2009_23,676.0,414.5,360.0,0.0,71.57142857142857,23.0,23.61904761904762,73.33333333333333,0.0
2009_24,548.25,316.0,325.6666666666667,0.0,75.42857142857143,21.857142857142858,23.142857142857142,73.28571428571429,0.0
2009_25,443.0,298.0,354.0,0.0,76.28571428571429,22.571428571428573,22.47619047619048,74.42857142857143,0.0
2009_26,356.25,405.5,430.0,0.0,76.57142857142857,23.142857142857142,22.52380952380952,76.0952380952381,0.0
2009_27,360.75,472.5,424.6666666666667,0.0,75.57142857142857,23.714285714285715,23.142857142857142,76.14285714285715,0.0
2009_28,385.25,404.0,393.0,0.0,71.71428571428571,24.0,23.61904761904762,74.61904761904762,0.0
2009_29,404.75,350.0,361.3333333333333,0.0,75.57142857142857,23.285714285714285,23.666666666666668,74.28571428571428,0.0
2009_30,411.25,377.5,406.3333333333333,0.0,75.57142857142857,23.857142857142858,23.71428571428571,74.28571428571429,0.0
2009_31,390.75,424.0,388.6666666666667,0.0,76.0,24.0,23.71428571428571,75.71428571428571,0.0
2009_32,387.0,391.0,333.3333333333333,0.0,68.0,24.428571428571427,24.0952380952381,73.19047619047619,0.0
2009_33,384.25,268.0,273.3333333333333,0.0,71.28571428571429,22.857142857142858,23.76190476190476,71.76190476190476,0.0
2009_34,346.0,251.0,378.6666666666667,0.0,74.0,24.0,23.76190476190476,71.09523809523809,0.0
2009_35,321.0,459.0,524.3333333333334,0.0,82.28571428571429,22.571428571428573,23.142857142857142,75.85714285714286,0.0
2009_36,363.5,644.5,601.3333333333334,0.0,69.42857142857143,25.714285714285715,24.0952380952381,75.23809523809524,0.0
2009_37,447.75,585.0,539.3333333333334,0.0,71.71428571428571,25.571428571428573,24.61904761904762,74.47619047619047,0.0
2009_38,522.0,481.5,487.0,0.0,65.42857142857143,26.0,25.761904761904763,68.85714285714285,0.0
2009_39,563.0,473.0,506.3333333333333,0.0,71.85714285714286,25.285714285714285,25.61904761904762,69.66666666666667,0.0
2009_40,529.0,535.5,503.3333333333333,0.0,64.57142857142857,25.428571428571427,25.57142857142857,67.28571428571429,0.0
2009_41,508.5,506.0,464.6666666666667,0.0,69.0,26.142857142857142,25.61904761904762,68.47619047619048,0.0
2009_42,489.5,410.5,368.0,0.0,69.28571428571429,27.428571428571427,26.33333333333333,67.6190476190476,0.0
2009_43,473.0,332.5,467.0,0.0,70.14285714285714,27.571428571428573,27.047619047619047,69.47619047619048,0.0
2009_44,419.25,509.5,705.3333333333334,0.0,88.57142857142857,23.428571428571427,26.142857142857142,76.0,0.0
2009_45,460.0,916.5,948.0,0.0,71.0,27.285714285714285,26.09523809523809,76.57142857142857,0.0
2009_46,624.5,1054.0,1002.3333333333334,0.0,61.57142857142857,28.428571428571427,26.38095238095238,73.71428571428571,0.0
2009_47,781.75,955.0,834.3333333333334,0.0,62.142857142857146,28.0,27.9047619047619,64.90476190476191,0.0
2009_48,935.75,746.0,745.0,0.0,65.71428571428571,28.285714285714285,28.23809523809524,63.14285714285714,0.0
2009_49,900.0,668.0,645.0,0.0,79.85714285714286,26.714285714285715,27.666666666666668,69.23809523809524,0.0
2009_50,811.5,671.0,687.3333333333334,0.0,66.28571428571429,28.571428571428573,27.857142857142858,70.61904761904762,0.0
2009_51,708.5,659.5,725.0,0.0,75.28571428571429,27.0,27.42857142857143,73.80952380952381,0.0
2009_52,663.75,788.0,1001.0,0.0,67.57142857142857,29.285714285714285,28.28571428571429,69.71428571428571,0.0
2010_01,729.5,1141.5,1260.6666666666667,0.0,68.85714285714286,29.0,29.0,70.28571428571428,0.0
2010_02,900.5,1463.0,1405.6666666666667,0.0,69.0,29.285714285714285,29.0,70.76190476190476,0.0
2010_03,1125.5,1395.0,1288.3333333333333,0.0,69.0,29.142857142857142,29.142857142857142,68.95238095238095,0.0
2010_04,1268.25,1183.0,1145.6666666666667,0.0,70.28571428571429,28.857142857142858,29.0952380952381,69.42857142857143,0.0
2010_05,1323.0,1073.0,969.0,0.0,69.0,28.714285714285715,28.9047619047619,69.42857142857143,0.0
2010_06,1234.0,916.0,818.3333333333334,0.0,73.42857142857143,28.285714285714285,28.61904761904762,70.90476190476191,0.0
2010_07,1049.5,692.0,652.3333333333334,0.0,70.0,29.428571428571427,28.809523809523807,70.80952380952381,0.0
2010_08,882.5,598.0,514.0,0.0,71.71428571428571,28.428571428571427,28.71428571428571,71.71428571428571,0.0
2010_09,757.0,459.5,654.6666666666666,0.0,86.42857142857143,25.857142857142858,27.9047619047619,76.04761904761904,0.0
2010_10,575.75,695.5,883.6666666666666,0.0,77.57142857142857,29.428571428571427,27.9047619047619,78.57142857142857,0.0
2010_11,646.75,1152.5,1133.6666666666667,0.0,76.85714285714286,27.571428571428573,27.61904761904762,80.28571428571429,0.0
2010_12,806.0,1178.0,1013.0,0.0,79.42857142857143,27.714285714285715,28.23809523809524,77.95238095238095,0.0
2010_13,936.75,889.5,878.6666666666666,0.0,79.57142857142857,27.285714285714285,27.52380952380952,78.61904761904762,0.0
2010_14,1021.0,770.0,772.3333333333334,0.0,72.42857142857143,24.857142857142858,26.61904761904762,77.14285714285715,0.0
2010_15,974.0,817.0,965.3333333333334,0.0,82.14285714285714,24.142857142857142,25.428571428571427,78.04761904761904,0.0
2010_16,853.25,1019.5,1022.6666666666666,0.0,77.71428571428571,26.428571428571427,25.142857142857142,77.42857142857143,0.0
2010_17,894.75,1145.5,1027.0,0.0,78.14285714285714,25.428571428571427,25.33333333333333,79.33333333333333,0.0
2010_18,981.25,909.5,970.0,0.0,78.0,26.0,25.952380952380956,77.95238095238095,0.0
2010_19,964.5,940.5,842.0,0.0,84.57142857142857,22.714285714285715,24.71428571428571,80.23809523809523,0.0
2010_20,1043.0,868.0,772.3333333333334,0.0,84.28571428571429,23.857142857142858,24.19047619047619,82.28571428571429,0.0
2010_21,888.75,613.0,581.0,0.0,84.14285714285714,24.0,23.52380952380952,84.33333333333333,0.0
2010_22,776.75,549.0,607.3333333333334,0.0,82.28571428571429,21.857142857142858,23.23809523809524,83.57142857142857,0.0
2010_23,708.5,620.5,667.3333333333334,0.0,81.0,20.571428571428573,22.142857142857142,82.47619047619048,0.0
2010_24,616.75,742.5,683.3333333333334,0.0,76.57142857142857,21.571428571428573,21.33333333333333,79.95238095238095,0.0
2010_25,645.75,663.0,549.3333333333334,0.0,83.85714285714286,21.714285714285715,21.28571428571429,80.47619047619047,0.0
2010_26,641.75,443.5,389.0,0.0,86.71428571428571,21.428571428571427,21.571428571428573,82.38095238095237,0.0
2010_27,593.0,301.0,361.3333333333333,0.0,86.71428571428571,22.285714285714285,21.80952380952381,85.76190476190476,0.0
2010_28,482.0,381.0,448.0,0.0,84.42857142857143,23.714285714285715,22.47619047619048,85.95238095238095,0.0
2010_29,412.25,532.0,566.3333333333334,0.0,82.42857142857143,22.571428571428573,22.857142857142858,84.52380952380952,0.0
2010_30,416.5,608.5,696.6666666666666,0.0,81.85714285714286,22.142857142857142,22.80952380952381,82.9047619047619,0.0
2010_31,494.75,754.0,690.0,0.0,78.0,22.142857142857142,22.28571428571429,80.76190476190476,0.0
2010_32,643.0,717.5,650.0,0.0,74.14285714285714,22.0,22.09523809523809,77.99999999999999,0.0
2010_33,663.0,538.5,544.6666666666666,0.0,71.14285714285714,20.142857142857142,21.42857142857143,74.42857142857142,0.0
2010_34,646.25,536.0,523.6666666666666,0.0,73.0,23.285714285714285,21.80952380952381,72.76190476190476,0.0
2010_35,626.75,528.0,483.3333333333333,0.0,71.14285714285714,25.0,22.80952380952381,71.76190476190474,0.0
2010_36,533.25,446.5,459.6666666666667,0.0,73.14285714285714,22.285714285714285,23.52380952380952,72.42857142857142,0.0
2010_37,491.25,440.0,516.6666666666666,0.0,72.57142857142857,23.285714285714285,23.52380952380952,72.28571428571428,0.0
2010_38,484.0,578.0,575.3333333333334,0.0,76.14285714285714,24.0,23.19047619047619,73.95238095238095,0.0
2010_39,512.25,620.0,607.0,0.0,81.14285714285714,25.142857142857142,24.142857142857142,76.6190476190476,0.0
2010_40,530.0,575.5,531.0,0.0,76.42857142857143,23.857142857142858,24.33333333333333,77.9047619047619,0.0
2010_41,576.75,511.5,527.3333333333334,0.0,73.57142857142857,23.142857142857142,24.047619047619047,77.04761904761904,0.0
2010_42,565.75,500.5,451.3333333333333,0.0,69.42857142857143,24.714285714285715,23.90476190476191,73.14285714285714,0.0
2010_43,538.0,456.0,395.6666666666667,0.0,78.0,25.714285714285715,24.52380952380952,73.66666666666667,0.0
2010_44,483.75,314.0,306.0,0.0,85.0,24.285714285714285,24.90476190476191,77.47619047619047,0.0
2010_45,407.25,282.5,335.3333333333333,0.0,82.14285714285714,23.714285714285715,24.571428571428573,81.71428571428571,0.0
2010_46,369.25,365.5,487.0,0.0,85.14285714285714,24.857142857142858,24.28571428571429,84.09523809523809,0.0
2010_47,339.75,585.5,1107.0,0.0,83.0,25.714285714285715,24.761904761904763,83.42857142857143,0.0
2010_48,434.0,1440.0,1591.3333333333333,0.0,71.85714285714286,27.714285714285715,26.0952380952381,79.99999999999999,0.0
2010_49,902.75,2022.0,1849.3333333333333,0.0,76.71428571428571,27.428571428571427,26.952380952380956,77.19047619047619,0.0
2010_50,1303.75,1699.0,1382.6666666666667,0.0,73.14285714285714,28.285714285714285,27.80952380952381,73.90476190476188,0.0
2010_51,1569.5,1127.0,934.0,0.0,77.0,27.857142857142858,27.857142857142858,75.6190476190476,0.0
2010_52,1574.5,649.0,813.0,0.0,86.57142857142857,25.428571428571427,27.19047619047619,78.9047619047619,0.0
2011_01,1174.0,844.5,991.0,0.0,78.42857142857143,27.142857142857142,26.80952380952381,80.66666666666667,0.0
2011_02,985.75,1212.5,1105.3333333333333,0.0,78.42857142857143,28.0,26.857142857142858,81.14285714285714,0.0
2011_03,930.75,1087.5,1209.0,0.0,75.71428571428571,27.857142857142858,27.666666666666668,77.52380952380952,0.0
2011_04,966.0,1171.5,1265.3333333333333,0.0,75.85714285714286,27.285714285714285,27.71428571428571,76.66666666666667,0.0
2011_05,1192.0,1452.5,1364.3333333333333,0.0,71.85714285714286,27.857142857142858,27.666666666666668,74.47619047619047,0.0
2011_06,1270.0,1320.5,1155.0,0.0,71.71428571428571,28.0,27.71428571428571,73.14285714285714,0.0
2011_07,1246.0,1006.0,977.3333333333334,0.0,78.57142857142857,27.428571428571427,27.76190476190476,74.04761904761904,0.0
2011_08,1229.25,872.0,808.0,0.0,79.0,27.714285714285715,27.71428571428571,76.42857142857143,0.0
2011_09,1096.25,800.0,641.3333333333334,0.0,82.28571428571429,26.285714285714285,27.14285714285714,79.95238095238095,0.0
2011_10,903.0,502.0,551.3333333333334,0.0,91.71428571428572,26.0,26.666666666666668,84.33333333333333,0.0
2011_11,687.0,487.0,841.0,0.0,87.57142857142857,26.142857142857142,26.142857142857142,87.19047619047619,0.0
2011_12,643.5,1099.5,1177.6666666666667,0.0,85.0,25.428571428571427,25.857142857142858,88.09523809523809,0.0
2011_13,800.75,1441.5,1333.3333333333333,0.0,82.57142857142857,26.857142857142858,26.142857142857142,85.04761904761904,0.0
2011_14,964.25,1225.5,1256.0,0.0,85.71428571428571,24.714285714285715,25.666666666666668,84.42857142857143,0.0
2011_15,1162.5,1217.0,1134.3333333333333,0.0,82.71428571428571,26.428571428571427,26.0,83.66666666666667,0.0
2011_16,1329.25,1143.0,981.6666666666666,0.0,85.57142857142857,25.285714285714285,25.47619047619047,84.66666666666666,0.0
2011_17,1184.25,814.0,847.6666666666666,0.0,87.28571428571429,24.428571428571427,25.38095238095238,85.19047619047619,0.0
2011_18,1015.5,787.0,805.6666666666666,0.0,80.42857142857143,24.857142857142858,24.857142857142858,84.42857142857143,0.0
2011_19,965.0,879.0,738.0,0.0,77.14285714285714,23.285714285714285,24.19047619047619,81.61904761904762,0.0
2011_20,846.5,649.5,570.6666666666666,0.0,78.0,21.714285714285715,23.28571428571429,78.52380952380952,0.0
2011_21,718.25,434.5,432.0,0.0,77.85714285714286,22.0,22.33333333333333,77.66666666666666,0.0
2011_22,656.75,420.0,439.0,0.0,76.71428571428571,22.428571428571427,22.047619047619047,77.52380952380952,0.0
2011_23,534.75,452.0,424.6666666666667,0.0,74.0,21.857142857142858,22.09523809523809,76.19047619047619,0.0
2011_24,443.25,423.5,394.0,0.0,81.14285714285714,21.0,21.76190476190476,77.28571428571428,0.0
2011_25,421.75,352.5,367.0,0.0,83.28571428571429,22.142857142857142,21.666666666666668,79.47619047619047,0.0
2011_26,402.25,365.5,364.0,0.0,79.42857142857143,22.285714285714285,21.80952380952381,81.28571428571428,0.0
2011_27,394.5,378.5,384.6666666666667,0.0,78.71428571428571,20.285714285714285,21.57142857142857,80.47619047619047,0.0
2011_28,365.5,379.0,355.0,0.0,78.28571428571429,22.0,21.52380952380952,78.8095238095238,0.0
2011_29,372.25,352.0,380.3333333333333,0.0,77.28571428571429,22.571428571428573,21.61904761904762,78.09523809523809,0.0
2011_30,365.25,372.0,390.3333333333333,0.0,77.85714285714286,22.0,22.190476190476197,77.80952380952381,0.0
2011_31,375.5,432.0,436.6666666666667,0.0,77.0,23.285714285714285,22.61904761904762,77.38095238095238,0.0
2011_32,392.0,436.5,439.6666666666667,0.0,76.42857142857143,23.142857142857142,22.80952380952381,77.09523809523809,0.0
2011_33,404.25,446.0,403.3333333333333,0.0,73.14285714285714,23.142857142857142,23.19047619047619,75.52380952380952,0.0
2011_34,439.0,382.0,369.3333333333333,0.0,81.85714285714286,22.428571428571427,22.9047619047619,77.14285714285715,0.0
2011_35,409.25,331.0,354.3333333333333,0.0,65.71428571428571,22.571428571428573,22.71428571428571,73.57142857142857,0.0
2011_36,388.5,372.5,348.0,0.0,68.0,23.428571428571427,22.80952380952381,71.85714285714285,0.0
2011_37,377.25,350.0,320.3333333333333,0.0,73.71428571428571,22.571428571428573,22.857142857142858,69.14285714285712,0.0
2011_38,340.5,280.0,293.0,0.0,72.0,22.142857142857142,22.71428571428571,71.23809523809523,0.0
2011_39,326.25,290.0,273.3333333333333,0.0,72.71428571428571,23.285714285714285,22.666666666666668,72.8095238095238,0.0
2011_40,320.0,279.5,271.3333333333333,0.0,85.71428571428571,22.714285714285715,22.71428571428571,76.8095238095238,0.0
2011_41,279.75,247.5,278.3333333333333,0.0,83.42857142857143,25.285714285714285,23.761904761904763,80.6190476190476,0.0
2011_42,268.75,297.5,404.6666666666667,0.0,83.42857142857143,21.0,23.0,84.19047619047619,0.0
2011_43,288.5,479.5,556.3333333333334,0.0,80.42857142857143,25.142857142857142,23.80952380952381,82.42857142857143,0.0
2011_44,363.5,664.5,723.6666666666666,0.0,72.28571428571429,20.857142857142858,22.33333333333333,78.71428571428571,0.0
2011_45,481.0,776.0,644.0,0.0,74.57142857142857,25.142857142857142,23.71428571428571,75.76190476190476,0.0
2011_46,627.75,611.0,488.0,0.0,81.85714285714286,23.571428571428573,23.19047619047619,76.23809523809523,0.0
2011_47,637.75,311.0,293.0,0.0,85.42857142857143,24.571428571428573,24.428571428571427,80.6190476190476,0.0
2011_48,543.5,249.5,320.3333333333333,0.0,88.14285714285714,23.571428571428573,23.90476190476191,85.14285714285715,0.0
2011_49,430.25,359.5,561.6666666666666,0.0,85.28571428571429,25.142857142857142,24.42857142857143,86.28571428571428,0.0
2011_50,335.25,714.0,1006.3333333333334,0.0,82.57142857142857,26.285714285714285,25.0,85.33333333333333,0.0
2011_51,481.75,1278.5,1036.3333333333333,0.0,73.57142857142857,27.714285714285715,26.38095238095238,80.47619047619047,0.0
2011_52,819.0,1071.5,822.0,0.0,79.85714285714286,26.0,26.666666666666668,78.66666666666666,0.0
2012_01,892.75,437.5,553.0,0.0,88.57142857142857,25.142857142857142,26.28571428571429,80.66666666666667,0.0
2012_02,858.0,553.5,809.0,0.0,82.42857142857143,26.571428571428573,25.90476190476191,83.61904761904762,0.0
2012_03,812.5,1052.0,1011.6666666666666,0.0,72.42857142857143,27.428571428571427,26.38095238095238,81.14285714285715,0.0
2012_04,744.75,1125.5,1080.3333333333333,0.0,71.57142857142857,27.857142857142858,27.28571428571429,75.47619047619047,0.0
2012_05,839.5,960.5,988.0,0.0,77.0,27.142857142857142,27.47619047619048,73.66666666666667,0.0
2012_06,1006.25,1016.5,879.3333333333334,0.0,68.85714285714286,28.714285714285715,27.9047619047619,72.47619047619047,0.0
2012_07,1071.0,824.0,793.6666666666666,0.0,81.14285714285714,26.857142857142858,27.571428571428573,75.66666666666666,0.0
2012_08,892.25,669.0,788.6666666666666,0.0,73.42857142857143,27.571428571428573,27.71428571428572,74.47619047619048,0.0
2012_09,842.75,880.5,824.3333333333334,0.0,68.28571428571429,28.428571428571427,27.61904761904762,74.28571428571428,0.0
2012_10,852.25,870.0,781.3333333333334,0.0,76.57142857142857,27.0,27.666666666666668,72.76190476190476,0.0
2012_11,769.5,658.0,704.0,0.0,70.42857142857143,27.714285714285715,27.71428571428571,71.76190476190476,0.0
2012_12,769.25,700.0,662.3333333333334,0.0,72.42857142857143,28.285714285714285,27.666666666666668,73.14285714285715,0.0
2012_13,785.0,691.5,705.3333333333334,0.0,75.71428571428571,27.142857142857142,27.71428571428571,72.85714285714285,0.0
2012_14,674.75,660.0,676.0,0.0,77.28571428571429,27.714285714285715,27.71428571428571,75.14285714285712,0.0
2012_15,680.0,720.5,719.3333333333334,0.0,76.0,27.428571428571427,27.428571428571427,76.33333333333333,0.0
2012_16,706.0,712.5,762.3333333333334,0.0,70.14285714285714,26.0,27.047619047619047,74.47619047619047,0.0
2012_17,686.25,789.5,684.6666666666666,0.51,73.85714285714286,27.0,26.809523809523807,73.33333333333333,0.51
2012_18,755.0,668.5,570.0,0.0,74.14285714285714,24.142857142857142,25.71428571428571,72.71428571428571,0.51
2012_19,690.5,424.0,367.6666666666667,0.0,77.42857142857143,24.714285714285715,25.28571428571429,75.14285714285714,0.51
2012_20,606.75,314.0,351.0,0.0,82.71428571428571,21.714285714285715,23.52380952380952,78.09523809523809,0.0
2012_21,491.25,340.0,471.3333333333333,2.03,83.14285714285714,22.428571428571427,22.952380952380956,81.09523809523809,2.03
2012_22,382.0,579.5,630.3333333333334,0.0,79.71428571428571,25.571428571428573,23.23809523809524,81.85714285714285,2.03
2012_23,446.75,733.0,662.6666666666666,0.0,78.16666666666667,25.83333333333333,24.611111111111114,80.34126984126983,2.03
2012_24,536.5,627.0,664.0,0.0,81.57142857142857,23.142857142857142,24.84920634920635,79.81746031746032,0.0
2012_25,603.25,630.0,594.6666666666666,0.0,72.57142857142857,23.714285714285715,24.23015873015873,77.43650793650794,0.0
2012_26,681.5,631.0,639.0,0.0,80.42857142857143,22.142857142857142,23.0,78.19047619047619,0.0
2012_27,629.0,589.5,542.3333333333334,0.0,79.14285714285714,23.428571428571427,23.0952380952381,77.38095238095238,0.0
2012_28,609.75,551.5,523.6666666666666,0.0,72.42857142857143,23.142857142857142,22.9047619047619,77.33333333333333,0.0
2012_29,591.25,458.0,473.0,0.0,77.85714285714286,22.714285714285715,23.09523809523809,76.47619047619047,0.0
2012_30,523.75,485.5,429.3333333333333,0.0,70.85714285714286,23.428571428571427,23.09523809523809,73.71428571428572,0.0
2012_31,518.5,410.0,375.3333333333333,6.1,79.28571428571429,22.714285714285715,22.952380952380956,76.0,6.1
2012_32,434.0,311.5,300.6666666666667,0.0,76.85714285714286,22.0,22.71428571428571,75.66666666666667,6.1
2012_33,398.5,292.5,300.6666666666667,0.0,81.85714285714286,23.0,22.57142857142857,79.33333333333333,6.1
2012_34,351.25,292.5,300.6666666666667,0.0,83.42857142857143,22.428571428571427,22.47619047619048,80.71428571428572,0.0
